id	surface	niqqud	stratum	depth	draft_proclitics	stem	posDicta	offline_agrees	needs_r1	R1_VERDICT	R1_NOTES	context
1	ולסולטן	וּלְסוּלְטָן	name-suspect	2	ול	סולטן	propernoun	N	YES	ול	proper noun residual: ו+ל to Sultan; stem remains unglossed	לפני שנים רבות היה סולטן אביר, ולסולטן בן יחיד –
2	באירופה	בְּאֵירוֹפָּה	name-suspect	1	ב	אירופה	propernoun	Y	YES	ב	proper noun residual: ב + Europe	ובאמת מה לנו ולמלחמה באירופה?
3	בכנרת	בַּכִּנֶּרֶת	name-suspect	1	ב	כנרת	propernoun	N	YES	בה	proper noun residual + fused article by niqqud: ב+ה+כנרת	על הכפים, בכנרת,
4	בריגה	בְּרִיגָה	name-suspect	1	ב	ריגה	propernoun	N	YES	ב	proper noun residual: ב + Riga	פורסם בשנת 1930, בשני המשכים, בכותרת 'הנוער בארץ ישראל', ב'על המשמר', בטאון נצ"ח, שהופיע ב
5	החרמון	הַחֶרְמוֹן	name-suspect	1	ה	חרמון	propernoun	N	YES	ה	toponym with article ה	צניף החרמון הפך כחל,
6	השומרון	הַשּׁוֹמְרוֹן	name-suspect	1	ה	שומרון	propernoun	N	YES	ה	toponym/region with article ה	המטייל בשלהי קיץ בהרי יהודה, השומרון והשפלה, ונכנס לעמק החולה, ישתומם למרחב העצום הירוק ול
7	וברנדיס	וּבְרַנְדֵּיְס	name-suspect	1	ו	ברנדיס	propernoun	N	YES	ו	ו + proper name	וברנדיס, זה "איש המדנים", "רודף הכבוד".
8	והלל	וְהִלֵּל	name-suspect	1	ו	הלל	propernoun	Y	YES	ו	ו + proper name	מ"י ברדיצבסקי, י"ח ברנר והלל צייטלין), עד שנקטעו חייו ויצירתו עם טביעתו
9	ושבעה	וְשִׁבְעָה	name-suspect	1	ו	שבעה	propernoun	Y	YES	ו	ו + numeral שבעה	בקעתהחולה משתרעת על שטח גדול של מאה חמישים ושבעה אלף
10	כבאר	כְּבָאר	name-suspect	1	כ	באר	propernoun	Y	YES	כ	כ + noun באר	החצר כבאר במדבר עמקה,
11	לישראל	לְיִשְׂרָאֵל	name-suspect	1	ל	ישראל	propernoun	N	YES	ל	ל + proper name ישראל	מיום הקמת המדינה ועד היום עלו לישראל לערך 440 אלף נפש,
12	לסקרשילר	לֶסְקֶרְשִׁילֶר	name-suspect	1	ל	סקרשילר	propernoun	N	YES	-	surname Lasker-Schüler; initial ל is part of the name, not a proclitic	אלזה לסקרשילר נולדה בשנת 1869, בוופרטלאלברפלד
13	מנח	מִנֹּחַ	name-suspect	1	מ	נח	propernoun	N	YES	-	context is מונח/מנח “resting/placed”; not מ+נח	לבי מנח בין שתי כפות ידי.
14	בוופרטלאלברפלד	בְּווּפֶרְטְלַלְבֶּרְפֵלְד	name-suspect	0	(unclear)	בוופרטללברפלד	propernoun	N	YES	ב	ב + place name Wuppertal-Elberfeld	אלזה לסקרשילר נולדה בשנת 1869, בוופרטלאלברפלד
15	בחרף	בַּחֹרֶף	name-suspect	0		בחרף	propernoun	Y	YES	בה	ב+ה+חורף: fused article indicated by vocalization/context	האפון ייטיב לצמח בחרף. הוא נזרע עוד לפני הגשמים וכעבר שלשה חדשים ירהיב כבר את עינינו בתרמי
16	בלה	בֵּלָה	name-suspect	0		בלה	propernoun	Y	YES	-	whole adjective/participle בלה; ב is root	שוב לפני: זקן בלה,
17	במרחביהנוף	בְּמֶרְחַבְיָהנוֹף	name-suspect	0		במרחביהנוף	propernoun	Y	YES	ב	ב + מרחבי־הנוף; spacing/fusion artifact	כפלא אעבר במרחביהנוף.
18	ברדיצ'בסקי	בֶּרְדִּיצֶ'בְסְקִי	name-suspect	0		ברדיצ'בסקי	propernoun	Y	YES	-	proper name/whole lexical item; no proclitic	חידות / מיכה יוסף ברדיצ'בסקי
19	ברדיצבסקי	בֶּרְדִּיצֶבְסְקִי	name-suspect	0		ברדיצבסקי	propernoun	Y	YES	-	proper name/whole lexical item; no proclitic	מ"י ברדיצבסקי, י"ח ברנר והלל צייטלין), עד שנקטעו חייו ויצירתו עם טביעתו
20	ברוך	בָּרוּךְ	name-suspect	0					YES	-	hard negative: ברוך is whole word/name; ב is root	SEED — blessed / name Baruch
21	ברנר	בְּרֵנֶר	name-suspect	0		ברנר	propernoun	Y	YES	-	proper name/whole lexical item; no proclitic	מ"י ברדיצבסקי, י"ח ברנר והלל צייטלין), עד שנקטעו חייו ויצירתו עם טביעתו
22	האקא	האקא	name-suspect	0		האקא	propernoun	Y	YES	-	proper name/whole lexical item; no proclitic	ע"פ אהרני ופר' האקא
23	החולה	הַחוּלָה	name-suspect	0		החולה	propernoun	Y	YES	ה	toponym “החולה” with visible article ה in עמק החולה	המטייל בשלהי קיץ בהרי יהודה, השומרון והשפלה, ונכנס לעמק החולה, ישתומם למרחב העצום הירוק ול
24	הרינפתלי	הָרִינְפְּתְּלִי	name-suspect	0		הרינפתלי	propernoun	Y	YES	-	proper name/whole lexical item; no proclitic	– החרמון הענק, וממערב – רכסי הרינפתלי.
25	ויצמן	וַיְצְמָן	name-suspect	0		ויצמן	propernoun	Y	YES	-	hard negative: Weizmann name; ו is part of the name	ככה דבר דר' ויצמן בששה ליולי העבר, לפני אספת צירי הועידה, מדברי
26	כלב	כֶּלֶב	name-suspect	0					YES	-	hard negative: כלב whole word; כ is root	SEED — dog, root כ
27	כנרת	כִּנֶּרֶת	name-suspect	0		כנרת	propernoun	Y	YES	-	proper name/whole lexical item; no proclitic	על חוף ים כנרת
28	לאה	לֵאָה	name-suspect	0					YES	-	hard negative: לאה name; ל is root/name-initial	SEED — name Leah
29	לבן	לָבָן	name-suspect	0					YES	-	hard negative: לבן whole word/name; ל is root/name-initial	SEED — name Lavan / white
30	לונדון	לוֹנְדוֹן	name-suspect	0		לונדון	propernoun	Y	YES	-	proper name/whole lexical item; no proclitic	פתח דבר - חוצות לונדון
31	מאיר	מֵאִיר	name-suspect	0		מאיר	propernoun	Y	YES	-	proper name/whole lexical item; no proclitic	בשולי הפרק הרוח החיה מאת מאיר שחר
32	מגלהאוב	מִגַּלְהֵאוּב	name-suspect	0		מגלהאוב	propernoun	Y	YES	-	proper name/whole lexical item; no proclitic	משיחהזיה, חמוש מגלהאוב,
33	מייטה	מַיְטָה	name-suspect	0		מיטה	propernoun	Y	YES	-	proper name/whole lexical item; no proclitic	ורגליים – הריבה מייטה.
34	מיכה	מִיכָה	name-suspect	0		מיכה	propernoun	Y	YES	-	hard negative: מיכה name; מ is part of the name	חידות / מיכה יוסף ברדיצ'בסקי
35	מרים	מִרְיָם	name-suspect	0					YES	-	hard negative: מרים name; מ is part of the name	SEED — name Miriam
36	משה	מֹשֶׁה	name-suspect	0					YES	-	hard negative: משה name; not מ+שה	SEED — name Moses, not מ+שה
37	שחר	שַׁחַר	name-suspect	0		שחר	propernoun	Y	YES	-	proper name/whole lexical item; no proclitic	בשולי הפרק הרוח החיה מאת מאיר שחר
38	שלום	שָׁלוֹם	name-suspect	0		שלום	propernoun	Y	YES	-	proper name/whole lexical item; no proclitic	ספר זה בא להציב ציון לסופר עברי צעיר, יעקב שלום
39	ויאמר	וַיֹּאמֶר	vav-consecutive	1	ו				YES	ו	vav-consecutive / повествовательный ו; do not label as plain “и”	SEED — vav-consecutive «and said» — NOT conjunctive
40	ויהי	וַיְהִי	vav-consecutive	1	ו				YES	ו	vav-consecutive / повествовательный ו; do not label as plain “и”	SEED — vav-consecutive «and it was»
41	וילך	וַיֵּלֶךְ	vav-consecutive	1	ו				YES	ו	vav-consecutive / повествовательный ו; do not label as plain “и”	SEED — vav-consecutive «and went»
42	ותהי	וַתְּהִי	vav-consecutive	1	ו				YES	ו	vav-consecutive / повествовательный ו; do not label as plain “и”	SEED — vav-consecutive «and she was»
43	באמת	בֶּאֱמֶת	fossil	0		באמת	adverb	Y	YES	-	fossilized/lexicalized function word; suppress live proclitic segmentation	בימי הבינים, שהיה כלל ישראל במקרים כאלה רגיל לחשוב עצמו כעומד במשפט ביחד עם אותם האומללים 
44	בגלל	בִּגְלַל	fossil	0		בגלל	preposition	Y	YES	-	fossilized/lexicalized function word; suppress live proclitic segmentation	הגורים שנולדו בחר לו את אלה שמצאו חן בעיניו, בגלל תכונותיהם המיוחדות,
45	ביחוד	בְּיִחוּד	fossil	0		ביחוד	adverb	Y	YES	-	fossilized/lexicalized function word; suppress live proclitic segmentation	בין כל הצרות שנתחדשו עלינו בעת האחרונה תעשה ביחוד רושם מעציב בלב כל איש ישראל התחדשות 'עלי
46	בלי	בְּלִי	fossil	0		בלי	preposition	Y	YES	-	fossilized/lexicalized function word; suppress live proclitic segmentation	א. אני מאשר בזה את קבלת הרפורט שלך (בלי תאריך).
47	בעיקר	בְּעִקָּר	fossil	0	(unclear)	בעקר	adverb	N	YES	-	fossilized/lexicalized function word; suppress live proclitic segmentation	שהשירה את שערותיה, בעיקר כאילו לשם סולידריות עם המתקרבים לגיל מסויים,
48	בעצם	בְּעֶצֶם	fossil	0		בעצם	adverb	Y	YES	-	fossilized/lexicalized function word; suppress live proclitic segmentation	וגם באותה ספירה אין רע ממש כי אם בצורה; אין דבר רע בעצם, והוא נעשה רק על ידי אפנים ותנאים 
49	כאשר	כַּאֲשֶׁר	fossil	0		כאשר	conjunction	Y	YES	-	fossilized/lexicalized function word; suppress live proclitic segmentation	אויר אפור, רך ונעים – כאשר אהבתי.
50	כדי	כְּדֵי	fossil	0		כדי	conjunction	Y	YES	-	fossilized/lexicalized function word; suppress live proclitic segmentation	אין מורה ואין מחנך כייסורים גדולים, כצרות גדולות, ועלינו רק להיות תלמידים מקשיבים, לתת את 
51	כך	כָּךְ	fossil	0		כך	adverb	Y	YES	-	fossilized/lexicalized function word; suppress live proclitic segmentation	"כך אמר לבבי, ואחר נאנח"…
52	ככה	כָּכָה	fossil	0		ככה	adverb	Y	YES	-	fossilized/lexicalized function word; suppress live proclitic segmentation	ככה דבר דר' ויצמן בששה ליולי העבר, לפני אספת צירי הועידה, מדברי
53	כמו	כְּמוֹ	fossil	0		כמו	preposition	Y	YES	-	fossilized/lexicalized function word; suppress live proclitic segmentation	כמו תאמרנה למסתכל בהן: "אל תעפיל עלות אלינו, כי לא תוכלה".
54	לכן	לָכֵן	fossil	0		לכן	conjunction	Y	YES	-	fossilized/lexicalized function word; suppress live proclitic segmentation	לכן יזדרז האכר להעמיד אצל צמחי האפון קנים ארכים, והוא נאחז בהם, מטפס ועולה.
55	לאמור	לֵאמֹר	archaic	0	(unclear)	לאמר	verb	N	YES	ל	archaic infinitive ל; sense must be infinitival, not dative	הן כל השתתפותנו בה היא רק בבחינת צאן לטבח, בשר לתותחים, וכל תוצאותיה בשבילנו – רק שכול, אל
56	לאמר	לֵאמֹר	archaic	0		לאמר	verb	Y	YES	ל	archaic infinitive ל; sense must be infinitival, not dative	גם לפני חמשים שנה, בימי מנוחה ושלוה, שעוררה עלילת דמשק רעש גדול כלכך בארצות המערב, עדיין י
57	לדעת	לָדַעַת	archaic	0		לדעת	verb	Y	YES	ל	infinitival ל; sense must be infinitival, not dative	דווקא שעה קשה זו, שאין לדעת כמה תימשך, ואם לא תהיה בעתיד עוד יותר קשה ­– דווקא שעה קשה זו 
58	לשבת	לָשֶׁבֶת	archaic	0		לשבת	verb	Y	YES	ל	infinitival ל; sense must be infinitival, not dative	אין לשבת בחיבוק ידיים; אין לתת לאוייב להתבצר בעמדותיו האנטי-ציוניות; אין לחכות להתקפותיו ה
59	לתת	לָתֵת	archaic	0		לתת	verb	Y	YES	ל	infinitival ל; sense must be infinitival, not dative	אין לשבת בחיבוק ידיים; אין לתת לאוייב להתבצר בעמדותיו האנטי-ציוניות; אין לחכות להתקפותיו ה
60	בזה	בָּזֶה	other	1	ב	זה	pronoun	N	YES	ב	ב + demonstrative זה	בימי הבינים, שהיה כלל ישראל במקרים כאלה רגיל לחשוב עצמו כעומד במשפט ביחד עם אותם האומללים 
61	בשקטעד	בִּשְׁקַטְעַד	other	1	ב	שקטעד	adverb	N	YES	ב	ב + שקט; spacing/fusion artifact with עד	ים כנרת נח בשקטעד.
62	האנטי	הָאַנְטִי	other	1	ה	אנטי		N	YES	ה	article ה on foreign adjective anti-	אין לשבת בחיבוק ידיים; אין לתת לאוייב להתבצר בעמדותיו האנטי-ציוניות; אין לחכות להתקפותיו ה
63	הזה	הַזֶּה	other	1	ה	זה	pronoun	N	YES	ה	article/determiner ה on demonstrative הזה	אמרתי: 'על רוח עמנו', כי אמנם רואה אני מקור החזיון הזה לא בסבות חיצוניות, כי אם עמוק ברוח 
64	החרף	הַחֵרֶף	other	1	ה	חרף	preposition	N	YES	ה	visible article ה	בימי החרף יראה על שפת הפלגים והנחלים בארצנו העוף הנחמד והחביב – הנחליאלי.
65	הנח"ל	הַנַּחַ"ל	other	1	ה	נח"ל		N	YES	ה	visible article ה on acronym נח״ל	וכחיל מיוחד בתוך הצבא, הולך ומתארגן הנח"ל, שמלבד הכשרתו לכוננות קרבית
66	העשרים	הָעֶשְׂרִים	other	1	ה	עשרים	numeral	N	YES	ה	visible article ה	העשרים וצלל מאז בתהום הנשייה.
67	ואחת	וְאַחַת	other	1	ו	אחת	numeral	N	YES	ו	outer ו is live	בעודו באבו, בשנת החמשים ואחת לימי חייו, נעדר ממנו פתאום קברניט האומה
68	ואיננה	וְאֵינֶנָּה	other	1	ו	איננה		N	YES	ו	outer ו is live	נפשי אבדה ואיננה,
69	ובאמת	וּבֶאֱמֶת	other	1	ו	באמת	adverb	N	YES	ו	ו + fossil באמת; only outer ו is live	ובאמת מה לנו ולמלחמה באירופה?
70	והריני	וַהֲרֵינִי	other	1	ו	הריני		N	YES	ו	outer ו is live	הגורל מפקד והריני טוען.
71	וחייהציד	וחייהציד	other	1	ו	חייהציד		N	YES	ו	outer ו is live	וחייהציד – מה רעים הם וקשים!
72	וכן	וְכֵן	other	1	ו	כן	conjunction	N	YES	ו	outer ו is live	בחירה זו נמשכה דורות רבים וכן נוצרו גזעיהכלב השונים:
73	וכעבר	וְכַעֲבֹר	other	1	ו	כעבר	preposition	N	YES	ו	ו + lexicalized כעבר; do not decompose inner כ	האפון ייטיב לצמח בחרף. הוא נזרע עוד לפני הגשמים וכעבר שלשה חדשים ירהיב כבר את עינינו בתרמי
74	ומסורק	וּמְסֹרָק	other	1	ו	מסרק		N	YES	ו	outer ו is live	אך שערו רחוץ ומסורק כראוי, מתולל משהו מעל למצח, גם פניו
75	ועד	וְעַד	other	1	ו	עד	preposition	N	YES	ו	outer ו is live	העלילה הנתעבה הזאת, בכל ישנה, היתה ותהיה תמיד בעינינו כחדשה, ומימי הבינים ועד עתה תצטין בפ
76	ועוד	וְעוֹד	other	1	ו	עוד	adverb	N	YES	ו	outer ו is live	עוד… עוד… ועוד… והנה המטרה, − וכאן נגמר, − אף צעד לא יזוז,
77	כעשרים	כְּעֶשְׂרִים	other	1	כ	עשרים	numeral	N	YES	כ	כ + numeral “about twenty”	בין השנים 1904–1901 הספיק לפרסם כעשרים
78	למה	לְמָה	other	1	ל	מה	interrogative	N	YES	ל	ל + מה in interrogative phrase; not dative	למה הדבר דומה?
79	מזה	מִזֶּה	other	1	מ	זה	pronoun	N	YES	מ	מ + זה	– אי מזה נכנסו המלים אל נפשי.
80	מכל	מִכָּל	other	1	מ	כל		N	YES	מ	מ + כל	אך בימינו אלה הרי מצד אחד אין הסכנה הגשמית גדולה עוד הרבה, ביחוד לקהלות רחוקות, ומצד אחר כ
81	מעל	מֵעַל	other	1	מ	על	preposition	N	YES	מ	מ + על	אך שערו רחוץ ומסורק כראוי, מתולל משהו מעל למצח, גם פניו
82	מעליו	מֵעָלָיו	other	1	מ	עליו	preposition	N	YES	מ	מ + עליו	אך בימינו אלה הרי מצד אחד אין הסכנה הגשמית גדולה עוד הרבה, ביחוד לקהלות רחוקות, ומצד אחר כ
83	משלו	מִשֶּׁלּוֹ	other	1	מ	שלו	preposition	N	YES	מ	מ + שלו	הן כל השתתפותנו בה היא רק בבחינת צאן לטבח, בשר לתותחים, וכל תוצאותיה בשבילנו – רק שכול, אל
84	שבין	שֶׁבֵּין	other	1	ש	בין	preposition	N	YES	ש	ש + בין	אלזה היתה הצעירה שבין ששת
85	שהיה	שֶׁהָיָה	other	1	ש	היה		N	YES	ש	ש + היה	בימי הבינים, שהיה כלל ישראל במקרים כאלה רגיל לחשוב עצמו כעומד במשפט ביחד עם אותם האומללים 
86	שהיתה	שֶׁהָיְתָה	other	1	ש	היתה		N	YES	ש	ש + היתה	בימי הבינים, שהיה כלל ישראל במקרים כאלה רגיל לחשוב עצמו כעומד במשפט ביחד עם אותם האומללים 
87	שחלה	שֶׁחָלָה	other	1	ש	חלה		N	YES	ש	ש + חלה	(שיר-שחלה, וחרוז- המלאי).
88	שכל	שֶׁכָּל	other	1	ש	כל		N	YES	ש	ש + כל	ההנחה היא: שכל מה שפועל מסוגל לעשות, מסוגל לעשות חבר קיבוץ – בצורתו
89	שלך	שֶׁלְּךָ	other	1	ש	לך	preposition	N	YES	-	שלך is possessive של+suffix; ש is not standalone complementizer here	א. אני מאשר בזה את קבלת הרפורט שלך (בלי תאריך).
90	בין	בֵּין	other	0		בין	preposition	Y	YES	-	whole preposition בין	בין כל הצרות שנתחדשו עלינו בעת האחרונה תעשה ביחוד רושם מעציב בלב כל איש ישראל התחדשות 'עלי
91	כאילו	כְּאִלּוּ	other	0	(unclear)	כאלו	conjunction	N	YES	-	lexicalized כאילו; do not split כ	שהשירה את שערותיה, בעיקר כאילו לשם סולידריות עם המתקרבים לגיל מסויים,
92	כולה	כֻּלָּהּ	other	0	(unclear)	כלה		N	YES	-	כול־ with pronominal suffix; כ is root/lexical, not proclitic	חג לפרט בקיבוץ, לחברה כולה, לילדיו, לחניכיו, לממשיכי דרכו בכל פינות הארץ – לתנועה כולה.
93	כולו	כֻּלּוֹ	other	0	(unclear)	כלו		N	YES	-	כול־ with pronominal suffix; כ is root/lexical, not proclitic	בימי הבינים, שהיה כלל ישראל במקרים כאלה רגיל לחשוב עצמו כעומד במשפט ביחד עם אותם האומללים 
94	כולם	כֻּלָּם	other	0	(unclear)	כלם		N	YES	-	כול־ with pronominal suffix; כ is root/lexical, not proclitic	בני ביתי הלכו כולם ונשארתי יחידי בדירה רבת החדרים.
95	כולנו	כֻּלָּנוּ	other	0	(unclear)	כלנו		N	YES	-	כול־ with pronominal suffix; כ is root/lexical, not proclitic	כולנו ראינו בו את משאנפשנו: חיל
96	מגוהץ	מְגֹהָץ	other	0	(unclear)	מגהץ		N	YES	-	מ is derivational/passive-participle morphology, not preposition מן	בימות החמה, מגוהץ.
97	מכופתר	מְכֻפְתָּר	other	0	(unclear)	מכפתר		N	YES	-	מ is derivational/passive-participle morphology, not preposition מן	עינים מביעות טובלב סבאי, שפתים שהחיוך האופטימי שוכן עליהם, מכופתר גם
98	מסובלת	מְסֻבֶּלֶת	other	0	(unclear)	מסבלת		N	YES	-	מ is derivational/passive-participle morphology, not preposition מן	בצלע הגן, תחת תפוחה מסובלת ענפים מעוקלים, נושאי עלים
99	מסוגל	מְסֻגָּל	other	0	(unclear)	מסגל		N	YES	-	מ is derivational/passive-participle morphology, not preposition מן	ההנחה היא: שכל מה שפועל מסוגל לעשות, מסוגל לעשות חבר קיבוץ – בצורתו
100	מרוב	מֵרֹב	other	0	(unclear)	רב		N	YES	מ	מ + רוב in “from most of / by much”; live preposition	סוגרים עליה הרים גבוהים מרוב צדדיה: ממזרח – שלשלת הריגולן, מצפון
101	מתולעים	מְתֻלָּעִים	other	0	(unclear)	מתלעים		N	YES	-	מ is derivational/passive-participle morphology, not preposition מן	מסביבה התגוללו תפוחים ואגסים מתולעים ורקובים לחצאים
102	ולכשהמלך	וּלִכְשֶׁהַמֶּלֶךְ	content	5	ולכשה				YES	ולכשה	canonical stack: ו + לכש subordinator + fused article ה	SEED — depth-5 stack ו+ל+כש+ה
103	בבית	בַּבַּיִת	content	2	בה				YES	בה	canonical fused article: ב + ה + בית	SEED — ב + fused article ה (in the house)
104	והנחליאלי	וְהַנַּחְלִיאֵלִי	content	2	וה	נחליאלי	noun	N	YES	וה	ו + visible article ה	–והנחליאלי מהר לטוס אליו.
105	משאנפשנו	מִשֶּׁאֶנְפְּשֶׁנּוּ	content	2	מש	אנפשנו	verb	N	YES	מש	מ + ש complementizer/subordinator	כולנו ראינו בו את משאנפשנו: חיל
106	באש	בְּאֵשׁ	content	1	ב	אש	noun	N	YES	ב	ב + אש	באש לבי אבעיר, אפיל קיר גבולך.
107	בבלואי	בִּבְלוֹאֵי	content	1	ב	בלואי	noun	N	YES	ב	ב + בלואי	בבלואי אהלים, בטחב המחלות
108	בגיאהנום	בַּגֵּיאַהֲנוֹם	content	1	ב	גיאהנום	noun	N	YES	בה	ב+ה+גיא־הנום; fused article indicated by בַּ + dagesh	נאות הן הרקפות המציצות ממרומי הכפים בגיאהנום ועל יד "אשד הטחנה" במטולה,
109	ביולי	בְּיוּלִי	content	1	ב	יולי	noun	N	YES	ב	ב + July	מהם 415 אלף עד 1 ביולי.
110	בים	בַּיָּם	content	1	ב	ים	noun	N	YES	בה	ב+ה+ים; fused article indicated by vocalization	מובהקים ובכלל האומה כלה, שהנה עכשו דוגמת ספינה המטורפת בים שזקוקה
111	בימי	בִּימֵי	content	1	ב	ימי	noun	N	YES	ב	ב + ימי	בימי הבינים, שהיה כלל ישראל במקרים כאלה רגיל לחשוב עצמו כעומד במשפט ביחד עם אותם האומללים 
112	בכוחנו	בְּכוֹחֵנוּ	content	1	ב	כוחנו	noun	N	YES	ב	ב + כוחנו	ברצוננו לשמור על רמתהחיים של שנת 1947 בכוחנו אנו, בכוח היצירה שלנו,
113	במטולה	בִּמְטוּלָה	content	1	ב	מטולה	noun	N	YES	ב	ב + place name מטולה	נאות הן הרקפות המציצות ממרומי הכפים בגיאהנום ועל יד "אשד הטחנה" במטולה,
114	בנשיבת	בִּנְשִׁיבַת	content	1	ב	נשיבת	noun	N	YES	ב	ב + נשיבת	אך בנשיבת הרוח הרגשתי
115	בסערותתפלותי	בסערותתפלותי	content	1	ב	סערותתפלותי	noun	N	YES	ב	ב + סערות־תפלותי; spacing/fusion artifact	בסערותתפלותי אסל שביל,
116	בעלבית	בַּעֲלָבִית	content	1	ב	עלבית	noun	N	YES	-	בעלבית is whole lexical/adjectival form; ב is not locative proclitic	מין מזיגה של בעלבית טוב, שהשכנים דרים אצלו שנים
117	בערתשמש	בערתשׁמשׁ	content	1	ב	ערתשמש	noun	N	YES	-	בערת־שמש / burning-sun compound; ב is root/compound-internal, not proclitic	על הקריה בערתשמש
118	בעת	בָּעֵת	content	1	ב	עת	noun	N	YES	בה	ב+ה+עת in בעת האחרונה; fused article	בין כל הצרות שנתחדשו עלינו בעת האחרונה תעשה ביחוד רושם מעציב בלב כל איש ישראל התחדשות 'עלי
119	בפורמציה	בְּפוֹרְמֶצְיָה	content	1	ב	פורמציה	noun	N	YES	ב	ב + פורמציה	הרוח החיה בפורמציה זו הוא אליק שומרוני.
120	בפעולתה	בִּפְעֻלָּתָהּ	content	1	ב	פעלתה	noun	N	YES	ב	ב + פעולתה	העלילה הנתעבה הזאת, בכל ישנה, היתה ותהיה תמיד בעינינו כחדשה, ומימי הבינים ועד עתה תצטין בפ
121	בצורה	בַּצּוּרָה	content	1	ב	צורה	noun	N	YES	בה	ב+ה+צורה; fused article indicated by בַּ + dagesh	וגם באותה ספירה אין רע ממש כי אם בצורה; אין דבר רע בעצם, והוא נעשה רק על ידי אפנים ותנאים 
122	בקרב	בִּקְרַב	content	1	ב	קרב	noun	N	YES	ב	ב + קרב	בשדרות המצלות בקרב הגן;
123	בקשתיה	בְּקַשָּׁתֶיהָ	content	1	ב	קשתיה	noun	N	YES	-	בקשתיה is verb ביקשתיה/“I sought her”; ב is root, not proclitic	היא אמרה כי תבוא, בגן בקשתיה,
124	בראשית	בְּרֵאשִׁית	content	1	ב	ראשית	noun	N	YES	ב	ב + ראשית	קצנלנבוגן (יש"ק), שהבליח לשנים מעטות על דפי העתונות העברית בראשית המאה
125	ברום	בְּרוּם	content	1	ב	רום	noun	N	YES	ב	ב + רום	קדש, טהר וזהר ברום.
126	בשולי	בְּשׁוּלֵי	content	1	ב	שולי	noun	N	YES	ב	ב + שולי	בשולי הפרק הרוח החיה מאת מאיר שחר
127	בשלהי	בְּשִׁלְהֵי	content	1	ב	שלהי	noun	N	YES	ב	ב + שלהי	המטייל בשלהי קיץ בהרי יהודה, השומרון והשפלה, ונכנס לעמק החולה, ישתומם למרחב העצום הירוק ול
128	בשמי	בִּשְׁמִי	content	1	ב	שמי	noun	N	YES	ב	ב + שמי	תודה לו בשמי.
129	בתשחפים	בַּתַּשְׁחַפִּים	content	1	ב	תשחפים	noun	N	YES	בה	ב+ה+תשחפים; fused article indicated by בַּ	בתשחפים עברה צחורת כנפים,
130	האדם	הָאָדָם	content	1	ה	אדם	noun	N	YES	ה	visible article/determiner ה	כשכין רוח האדם לאדם,
131	האופטימי	הָאוֹפְּטִימִי	content	1	ה	אופטימי	adjective	N	YES	ה	visible article/determiner ה	עינים מביעות טובלב סבאי, שפתים שהחיוך האופטימי שוכן עליהם, מכופתר גם
132	האמיתי	הָאֲמִתִּי	content	1	ה	אמתי	adjective	N	YES	ה	visible article/determiner ה	ב. באשר לשיתוף פעולה, הרי אם מעשה ברח' דיזנגוף (שאותו הם מתכוננים לנקום) או מעשה עטלית (שע
133	האפון	הָאַפּוֹן	content	1	ה	אפון	noun	N	YES	ה	visible article/determiner ה	האפון ייטיב לצמח בחרף. הוא נזרע עוד לפני הגשמים וכעבר שלשה חדשים ירהיב כבר את עינינו בתרמי
134	הבריאה	הַבְּרִיאָה	content	1	ה	בריאה	noun	N	YES	ה	visible article/determiner ה	הדבר נקרא רע ובא לידי פעולה רעה רק בספירה השניה של הבריאה, בספירה התולדתית.
135	הבשורה	הַבְּשׂוֹרָה	content	1	ה	בשורה	noun	N	YES	ה	visible article/determiner ה	כרעם משמי טוהר הלמה את כל בית ישראל הבשורה המחרידה כי
136	הגאולה	הַגְּאֻלָּה	content	1	ה	גאלה	noun	N	YES	ה	visible article/determiner ה	"נשגבת סוד הגאולה!
137	הגבעול	הַגִּבְעוֹל	content	1	ה	גבעול	noun	N	YES	ה	visible article/determiner ה	ואם אין משענה להאחז בה יזחל הגבעול והשתרע על פני הארץ.
138	הגלותית	הַגָּלוּתִית	content	1	ה	גלותית	adjective	N	YES	ה	visible article/determiner ה	הן כל השתתפותנו בה היא רק בבחינת צאן לטבח, בשר לתותחים, וכל תוצאותיה בשבילנו – רק שכול, אל
139	הגן	הַגַּן	content	1	ה	גן	noun	N	YES	ה	visible article/determiner ה	בשדרות המצלות בקרב הגן;
140	הגרמנית	הַגֶּרְמָנִית	content	1	ה	גרמנית	adjective	N	YES	ה	visible article/determiner ה	יהודים; הם ספגו לתוכם את התרבות הגרמנית.
141	הגשמית	הַגַּשְׁמִית	content	1	ה	גשמית	adjective	N	YES	ה	visible article/determiner ה	בימי הבינים, שהיה כלל ישראל במקרים כאלה רגיל לחשוב עצמו כעומד במשפט ביחד עם אותם האומללים 
142	הדבר	הַדָּבָר	content	1	ה	דבר	noun	N	YES	ה	visible article/determiner ה	הדבר נקרא רע ובא לידי פעולה רעה רק בספירה השניה של הבריאה, בספירה התולדתית.
143	הדגש	הַדָּגֵשׁ	content	1	ה	דגש	noun	N	YES	ה	visible article/determiner ה	הדגש הוא: איך לעשות?
144	הדרך	הַדֶּרֶךְ	content	1	ה	דרך	noun	N	YES	ה	visible article/determiner ה	אתם מכירים את הדרך.
145	ההפך	הַהֶפֶךְ	content	1	ה	הפך	noun	N	YES	ה	visible article/determiner ה	ואני מתפלא על ההפך.
146	הועידה	הַוְּעִידָה	content	1	ה	ועידה	noun	N	YES	ה	visible article/determiner ה	ככה דבר דר' ויצמן בששה ליולי העבר, לפני אספת צירי הועידה, מדברי
147	הזמן	הַזְּמַן	content	1	ה	זמן	noun	N	YES	ה	visible article/determiner ה	פנימיות הזמן, וימי החול מקיפים הם לשבת: המקיים מצוות שבת כהלכתה חיי
148	הזרזיר	הַזַּרְזִיר	content	1	ה	זרזיר	noun	N	YES	ה	visible article/determiner ה	אותם יצוד הזרזיר בלכתו ובעופו.
149	הזרזירים	הַזַּרְזִירִים	content	1	ה	זרזירים	noun	N	YES	ה	visible article/determiner ה	זעותבאות רוחות הסתו הצוננות ויחד עמן יראו הזרזירים.
150	החזקה	הַחֲזָקָה	content	1	ה	חזקה	adjective	N	YES	ה	visible article/determiner ה	העלילה הנתעבה הזאת, בכל ישנה, היתה ותהיה תמיד בעינינו כחדשה, ומימי הבינים ועד עתה תצטין בפ
151	החיה	הַחַיָּה	content	1	ה	חיה	adjective	N	YES	ה	visible article/determiner ה	בשולי הפרק הרוח החיה מאת מאיר שחר
152	החיל	הַחַיִל	content	1	ה	חיל	noun	N	YES	ה	visible article/determiner ה	עקבנו אחרי התפתחות החיל הזה.
153	החכם	הֶחָכָם	content	1	ה	חכם	adjective	N	YES	ה	visible article/determiner ה	אך בימינו אלה הרי מצד אחד אין הסכנה הגשמית גדולה עוד הרבה, ביחוד לקהלות רחוקות, ומצד אחר כ
154	החלאה	הַחֶלְאָה	content	1	ה	חלאה	noun	N	YES	ה	visible article/determiner ה	אך בימינו אלה הרי מצד אחד אין הסכנה הגשמית גדולה עוד הרבה, ביחוד לקהלות רחוקות, ומצד אחר כ
155	החרישה	הַחֲרִישָׁה	content	1	ה	חרישה	noun	N	YES	ה	visible article/determiner ה	יודע הזרזיר כי התולעים מגיחים מן האדמה בעת החרישה, והוא
156	הטבע	הַטֶּבַע	content	1	ה	טבע	noun	N	YES	ה	visible article/determiner ה	מה יפה הטבע!..
157	הטהר	הַטֹּהַר	content	1	ה	טהר	noun	N	YES	ה	visible article/determiner ה	אצבר ממרחקי קמת הטהר,
158	הטחנה	הַטַּחֲנָה	content	1	ה	טחנה	noun	N	YES	ה	visible article/determiner ה	נאות הן הרקפות המציצות ממרומי הכפים בגיאהנום ועל יד "אשד הטחנה" במטולה,
159	הירוק	הַיָּרֹק	content	1	ה	ירק	adjective	N	YES	ה	visible article/determiner ה	המטייל בשלהי קיץ בהרי יהודה, השומרון והשפלה, ונכנס לעמק החולה, ישתומם למרחב העצום הירוק ול
160	הירוקים	הַיְּרֻקִּים	content	1	ה	ירקים	adjective	N	YES	ה	visible article/determiner ה	האפון ייטיב לצמח בחרף. הוא נזרע עוד לפני הגשמים וכעבר שלשה חדשים ירהיב כבר את עינינו בתרמי
161	הכחול	הַכָּחֹל	content	1	ה	כחל	adjective	N	YES	ה	visible article/determiner ה	הפורטת על הפסנתר הכחול
162	הכחולה	הַכְּחֻלָּה	content	1	ה	כחלה	adjective	N	YES	ה	visible article/determiner ה	הכחולה המתנפחים ברוח רבב שמן גדול. מידיו האוחזות בהגה ניכר שחור
163	הכלב	הַכֶּלֶב	content	1	ה	כלב	noun	N	YES	ה	visible article/determiner ה	לפני שנים רבות, רבות מאד אסף האדם את הכלב לביתו.
164	הכלל	הַכְּלָל	content	1	ה	כלל	noun	N	YES	ה	visible article/determiner ה	אך בימינו אלה הרי מצד אחד אין הסכנה הגשמית גדולה עוד הרבה, ביחוד לקהלות רחוקות, ומצד אחר כ
165	הלבן	הַלָּבָן	content	1	ה	לבן	adjective	N	YES	ה	visible article/determiner ה	במורד הלבן משחירים הכפים
166	הלבנה	הַלְּבָנָה	content	1	ה	לבנה	noun	N	YES	ה	visible article/determiner ה	ראי הלבנה נוצצה,
167	הלהבה	הַלֶּהָבָה	content	1	ה	להבה	noun	N	YES	ה	visible article/determiner ה	אשרי הלהבה שבערה בסתרי לבבות.
168	המדנים	הַמְּדָנִים	content	1	ה	מדנים	noun	N	YES	ה	visible article/determiner ה	וברנדיס, זה "איש המדנים", "רודף הכבוד".
169	המהדרין	הַמְּהַדְּרִין	content	1	ה	מהדרין	noun	N	YES	ה	visible article/determiner ה	דבר אחד ברור לחלוטין: דרך כשרה, שסופה כישלון, פסולה היא; דרך "פסולה", שסופה נצחון – כשרה ל
170	המורם	הַמּוּרָם	content	1	ה	מורם	adjective	N	YES	ה	visible article/determiner ה	לאט לאט ילך וזנבו המורם יתנועע בלי הרף.
171	המטורפת	הַמְּטֹרֶפֶת	content	1	ה	מטרפת	adjective	N	YES	ה	visible article/determiner ה	מובהקים ובכלל האומה כלה, שהנה עכשו דוגמת ספינה המטורפת בים שזקוקה
172	המטרה	הַמַּטָּרָה	content	1	ה	מטרה	noun	N	YES	ה	visible article/determiner ה	עוד… עוד… ועוד… והנה המטרה, − וכאן נגמר, − אף צעד לא יזוז,
173	המיוחדות	הַמְּיֻחָדוֹת	content	1	ה	מיחדות	adjective	N	YES	ה	visible article/determiner ה	הגורים שנולדו בחר לו את אלה שמצאו חן בעיניו, בגלל תכונותיהם המיוחדות,
174	המיועדת	הַמְּיֹעֶדֶת	content	1	ה	מיעדת	adjective	N	YES	ה	visible article/determiner ה	עבודתי, בכורסה המיועדת לאורחים, יושב איש זר, לא ידעתיו מתמול
175	המלאי	הַמְּלַאי	content	1	ה	מלאי	noun	N	YES	ה	visible article/determiner ה	(שיר-שחלה, וחרוז- המלאי).
176	המסוכן	הַמְּסֻכָּן	content	1	ה	מסכן	adjective	N	YES	ה	visible article/determiner ה	המסוכן שבגלות אינו ריבוי הרדיפות והצרות, אלא מיעוט הסבל והפורענות.
177	המת	הַמֵּת	content	1	ה	מת	noun	N	YES	ה	visible article/determiner ה	אך בימינו אלה הרי מצד אחד אין הסכנה הגשמית גדולה עוד הרבה, ביחוד לקהלות רחוקות, ומצד אחר כ
178	הנחליאלי	הַנַּחְלִיאֵלִי	content	1	ה	נחליאלי	noun	N	YES	ה	visible article/determiner ה	בימי החרף יראה על שפת הפלגים והנחלים בארצנו העוף הנחמד והחביב – הנחליאלי.
179	הנער	הַנַּעַר	content	1	ה	נער	noun	N	YES	ה	visible article/determiner ה	עם בוקר, בטפלי בגינה שלפני ביתי, אני רואה את הנער
180	הנפש	הַנֶּפֶשׁ	content	1	ה	נפש	noun	N	YES	ה	visible article/determiner ה	אך בימינו אלה הרי מצד אחד אין הסכנה הגשמית גדולה עוד הרבה, ביחוד לקהלות רחוקות, ומצד אחר כ
181	הסבכים	הַסְּבָכִים	content	1	ה	סבכים	noun	N	YES	ה	visible article/determiner ה	הסבכים במורד ההר;
182	הסכנה	הַסַּכָּנָה	content	1	ה	סכנה	noun	N	YES	ה	visible article/determiner ה	בימי הבינים, שהיה כלל ישראל במקרים כאלה רגיל לחשוב עצמו כעומד במשפט ביחד עם אותם האומללים 
183	הספר	הַסֵּפֶר	content	1	ה	ספר	noun	N	YES	ה	visible article/determiner ה	נשאתי פני מן הספר שקראתי וראיתי: ממולי, מעבר לשולחן
184	העבר	הֶעָבָר	content	1	ה	עבר	noun	N	YES	ה	visible article/determiner ה	ככה דבר דר' ויצמן בששה ליולי העבר, לפני אספת צירי הועידה, מדברי
185	העלילה	הָעֲלִילָה	content	1	ה	עלילה	noun	N	YES	ה	visible article/determiner ה	העלילה הנתעבה הזאת, בכל ישנה, היתה ותהיה תמיד בעינינו כחדשה, ומימי הבינים ועד עתה תצטין בפ
186	העלים	הֶעָלִים	content	1	ה	עלים	noun	N	YES	ה	visible article/determiner ה	אט ינע העלים,
187	העלם	הָעֶלֶם	content	1	ה	עלם	noun	N	YES	ה	visible article/determiner ה	יצא העלם לשאוף אויר צח, נאמר, לשער דמשק וצפונה.
188	העמק	הָעֵמֶק	content	1	ה	עמק	noun	N	YES	ה	visible article/determiner ה	בדרום העמק נכנסים הנחלים לביצה המשתרעת על שטח של אלפי דונמים ותופשת
189	הענק	הָעֲנָק	content	1	ה	ענק	adjective	N	YES	ה	visible article/determiner ה	– החרמון הענק, וממערב – רכסי הרינפתלי.
190	הפחד	הַפַּחַד	content	1	ה	פחד	noun	N	YES	ה	visible article/determiner ה	אך בימינו אלה הרי מצד אחד אין הסכנה הגשמית גדולה עוד הרבה, ביחוד לקהלות רחוקות, ומצד אחר כ
191	הפלג	הַפֶּלֶג	content	1	ה	פלג	noun	N	YES	ה	visible article/determiner ה	עם מורד הפלג יש סלע לאנראה,
192	הפנימי	הַפְּנִימִי	content	1	ה	פנימי	adjective	N	YES	ה	visible article/determiner ה	החיצוניות היא בלשונם לבוש המקיף את הגרעין הפנימי ומגן עליו.
193	הפרח	הַפֶּרַח	content	1	ה	פרח	noun	N	YES	ה	visible article/determiner ה	מיוחד במינו הוא מבנה הפרח.
194	הפרק	הַפֶּרֶק	content	1	ה	פרק	noun	N	YES	ה	visible article/determiner ה	בשולי הפרק הרוח החיה מאת מאיר שחר
195	הצבא	הַצָּבָא	content	1	ה	צבא	noun	N	YES	ה	visible article/determiner ה	וכחיל מיוחד בתוך הצבא, הולך ומתארגן הנח"ל, שמלבד הכשרתו לכוננות קרבית
196	הציונות	הַצִּיּוֹנוּת	content	1	ה	ציונות	noun	N	YES	ה	visible article/determiner ה	זה "מהרס הציונות", קם ויכריז:
197	הצעיר	הַצָּעִיר	content	1	ה	צעיר	adjective	N	YES	ה	visible article/determiner ה	בימי הועידה האחרונה, נזכרנו בתקופת הויכוח עם 'השומר הצעיר' על יסודות
198	הצעירה	הַצְּעִירָה	content	1	ה	צעירה	adjective	N	YES	ה	visible article/determiner ה	אלזה היתה הצעירה שבין ששת
199	הקטנה	הַקְּטַנָּה	content	1	ה	קטנה	adjective	N	YES	ה	visible article/determiner ה	להורים לא היה כל יסוד לחשוש לעתידה של בתם הקטנה.
200	הרגל	הָרֶגֶל	content	1	ה	רגל	noun	N	YES	ה	visible article/determiner ה	הרגל צועדת, השכם רועד,
201	הרוח	הָרוּחַ	content	1	ה	רוח	noun	N	YES	ה	visible article/determiner ה	קל יחלוף הרוח,
202	הרעה	הָרָעָה	content	1	ה	רעה	noun	N	YES	ה	visible article/determiner ה	מקור הרעה איננו בזה שאנו מיעוט בכל, אלא בזה שאנו משועבדים.
203	הרפורט	הָרַפּוֹרְט	content	1	ה	רפורט	noun	N	YES	ה	visible article/determiner ה	א. אני מאשר בזה את קבלת הרפורט שלך (בלי תאריך).
204	הרקפות	הָרַקָּפוֹת	content	1	ה	רקפות	noun	N	YES	ה	visible article/determiner ה	כאשר תגבר צנת הסתו, האויר נעשה זך וצלול, המרחקים מבהירים, והחלו להופיע הרקפות הראשונות.
205	השבת	הַשַּׁבָּת	content	1	ה	שבת	noun	N	YES	ה	visible article/determiner ה	יום השבת היא
206	השחר	הַשַּׁחַר	content	1	ה	שחר	noun	N	YES	ה	visible article/determiner ה	בעלות השחר [נוסח 'כוס קטנה']
207	השיר	הַשִּׁיר	content	1	ה	שיר	noun	N	YES	ה	visible article/determiner ה	רגע – צליל השיר בלב רעד.
208	השנה	הַשָּׁנָה	content	1	ה	שנה	noun	N	YES	ה	visible article/determiner ה	השנה שנת 1949, שלהי מלחמת השחרור. הוקם צבא הגנה לישראל,
209	השפלנים	הַשַּׁפְלָנִים	content	1	ה	שפלנים	adjective	N	YES	ה	visible article/determiner ה	כלביהציד, כלביהצאן, השפלנים, ועוד.
210	התולדתית	הַתּוֹלַדְתִּית	content	1	ה	תולדתית	adjective	N	YES	ה	visible article/determiner ה	הדבר נקרא רע ובא לידי פעולה רעה רק בספירה השניה של הבריאה, בספירה התולדתית.
211	התמה	הַתֵּמָה	content	1	ה	תמה	noun	N	YES	ה	visible article/determiner ה	את תקחי את כדך, התמה,
212	וגבבא	וּגְבָבָא	content	1	ו	גבבא	noun	N	YES	ו	outer ו is live	המלונה, על הקרקע, משטח של קש וגבבא, ועליו היתה מוטלת בפישוט ידיים
213	וזכויותיהם	וּזְכוּיוֹתֵיהֶם	content	1	ו	זכויותיהם	noun	N	YES	ו	outer ו is live	גם לפני חמשים שנה, בימי מנוחה ושלוה, שעוררה עלילת דמשק רעש גדול כלכך בארצות המערב, עדיין י
214	וזרועים	וּזְרוּעִים	content	1	ו	זרועים	adjective	N	YES	ו	outer ו is live	רחבים הם, מחספסים וזרועים כתמים כהים.
215	וחגבים	וַחֲגָבִים	content	1	ו	חגבים	noun	N	YES	ו	outer ו is live	שבלולים ורכיכות, תולעים וחגבים –
216	ולבואך	וּלְבוֹאֲךָ	content	1	ו	לבואך	verb	N	YES	ול	ו + infinitival/prepositional ל in לבואך	שם אשב ולבואך אמתינה,
217	ומלמולילדות	וּמִלְמוֹלִילָדוֹת	content	1	ו	מלמולילדות	noun	N	YES	ו	outer ו is live	ומלמולילדות רך ורופף
218	וממושמע	וּמְמֻשְׁמָע	content	1	ו	ממשמע	adjective	N	YES	ו	outer ו is live	בהקפה, "עד לכשירחיב", ושל פקיד צייתן וממושמע, המקבל תמיד מרות של כל תעלא
219	ומפותח	וּמְפֻתָּח	content	1	ו	מפתח	adjective	N	YES	ו	outer ו is live	עבודה ולכיבוש עצמנו לעבודה, להקמת משק מגוון ומפותח, לטיפוח חברה
220	ומצררים	וּמִצְרָרִים	content	1	ו	מצררים	noun	N	YES	ו	outer ו is live	פנים צמקים ומצררים,
221	ומשרתיה	וּמְשָׁרְתֶיהָ	content	1	ו	משרתיה	noun	N	YES	ו	outer ו is live	תשובתי היא כמובן שלילית: אני לא מאלה המסגירים את עצמם מרצון בידי משטרה, או עושי רצונה ומשר
222	ונפלאותיה	וְנִפְלְאוֹתֶיהָ	content	1	ו	נפלאותיה	noun	N	YES	ו	outer ו is live	…בדבריך יש מעין השתוממות על אשר בשעת חירום זו 1 יכול אדם להתרכז כולו בענייניו הפנימיים ולה
223	וצלמות	וְצַלְמָוֶת	content	1	ו	צלמות	noun	N	YES	ו	outer ו is live	[חלטמאה וצלמות בעיר עתיקה]
224	וקדושת	וּקְדֻשַּׁת	content	1	ו	קדשת	noun	N	YES	ו	outer ו is live	ארץישראל וקדושת העולם
225	ורכיכות	וְרַכִּיכוֹת	content	1	ו	רכיכות	noun	N	YES	ו	outer ו is live	שבלולים ורכיכות, תולעים וחגבים –
226	כחלוםהאביב	כַּחֲלוֹםַהאֲבִיב	content	1	כ	חלוםהאביב	noun	N	YES	כ	כ + חלום־האביב	נאה הוא השקד בפריחתו, רך וענג כחלוםהאביב.
227	כרעם	כְּרַעַם	content	1	כ	רעם	noun	N	YES	כ	כ + רעם	כרעם משמי טוהר הלמה את כל בית ישראל הבשורה המחרידה כי
228	לאנראה	לָאַנְרָאָה	content	1	ל	אנראה	noun	N	YES	-	merged לא נראה / adjectival form; not ל + noun	עם מורד הפלג יש סלע לאנראה,
229	לגיל	לְגִיל	content	1	ל	גיל	noun	N	YES	ל	ל + גיל	שהשירה את שערותיה, בעיקר כאילו לשם סולידריות עם המתקרבים לגיל מסויים,
230	לדורון	לְדוֹרוֹן	content	1	ל	דורון	noun	N	YES	ל	ל + דורון	(אשר תבע בפה אחוז אחד מהם לו לדורון)
231	לחדר	לְחֶדֶר	content	1	ל	חדר	noun	N	YES	ל	infinitival/prepositional ל + חדר	שרש האפון גדול ומסתעף לצדדים והוא מעמיק לחדר באדמה.
232	לחרות	לְחֵרוּת	content	1	ל	חרות	noun	N	YES	ל	ל + חרות	גם לפני חמשים שנה, בימי מנוחה ושלוה, שעוררה עלילת דמשק רעש גדול כלכך בארצות המערב, עדיין י
233	לטבח	לַטֶּבַח	content	1	ל	טבח	noun	N	YES	לה	ל+ה+טבח; fused article indicated by vocalization	הן כל השתתפותנו בה היא רק בבחינת צאן לטבח, בשר לתותחים, וכל תוצאותיה בשבילנו – רק שכול, אל
234	לטוב	לְטוֹב	content	1	ל	טוב	noun	N	YES	ל	ל + טוב	הפחד לקוות לטוב
235	ליולי	לְיוּלִי	content	1	ל	יולי	noun	N	YES	ל	ל + יולי	ככה דבר דר' ויצמן בששה ליולי העבר, לפני אספת צירי הועידה, מדברי
236	לישר	לְיַשֵּׁר	content	1	ל	ישר	verb	N	YES	ל	infinitival ל + ישר	לישר ותם הילדות!
237	למינהו	לְמִינֵהוּ	content	1	ל	מינהו	noun	N	YES	ל	ל + מינהו	כל מין למינהו
238	לממשיכי	לְמַמְשִׁיכֵי	content	1	ל	ממשיכי	noun	N	YES	ל	ל + ממשיכי	חג לפרט בקיבוץ, לחברה כולה, לילדיו, לחניכיו, לממשיכי דרכו בכל פינות הארץ – לתנועה כולה.
239	למשל	לְמָשָׁל	content	1	ל	משל	noun	N	YES	-	lexicalized למשל “for example”; suppress live ל segmentation	התעשיה בקיבוץ להתפתח בצעדים מהירים הרבה יותר מאשר החקלאות, למשל.
240	לנשר	לַנֶּשֶׁר	content	1	ל	נשר	noun	N	YES	לה	ל+ה+נשר; fused article indicated by לַ + dagesh	– (הן אותך דמיתי לנשר!)…
241	לעמק	לָעֵמֶק	content	1	ל	עמק	noun	N	YES	לה	ל+ה+עמק; fused article before guttural indicated by לָ	ותצאי לעמק רק לשאב לך מים.
242	לפרח	לַפֶּרַח	content	1	ל	פרח	noun	N	YES	ל	contextual infinitival ל “to blossom”; do not read as article	שקדן הוא מכל עציהפרי, אך יש שימהר לפרח יותר
243	לפרט	לַפְּרָט	content	1	ל	פרט	noun	N	YES	לה	ל+ה+פרט; fused article indicated by לַ + dagesh	חג לפרט בקיבוץ, לחברה כולה, לילדיו, לחניכיו, לממשיכי דרכו בכל פינות הארץ – לתנועה כולה.
244	לצמח	לַצֶּמַח	content	1	ל	צמח	noun	N	YES	ל	contextual infinitival ל “to grow”; do not read as article	האפון ייטיב לצמח בחרף. הוא נזרע עוד לפני הגשמים וכעבר שלשה חדשים ירהיב כבר את עינינו בתרמי
245	לרטט	לָרֶטֶט	content	1	ל	רטט	noun	N	YES	לה	ל+ה+רטט; fused article before ר indicated by לָ	או לרטט האשר של לב מאהב,
246	לשאב	לְשָׁאַב	content	1	ל	שאב	noun	N	YES	ל	infinitival ל + שאב	ותצאי לעמק רק לשאב לך מים.
247	לשמע	לְשֶׁמַע	content	1	ל	שמע	noun	N	YES	ל	ל + שמע	אך בימינו אלה הרי מצד אחד אין הסכנה הגשמית גדולה עוד הרבה, ביחוד לקהלות רחוקות, ומצד אחר כ
248	לשער	לְשַׁעַר	content	1	ל	שער	noun	N	YES	ל	ל + שער	יצא העלם לשאוף אויר צח, נאמר, לשער דמשק וצפונה.
249	מדברי	מִדִּבְרֵי	content	1	מ	דברי	noun	N	YES	מ	מ + דברי	ככה דבר דר' ויצמן בששה ליולי העבר, לפני אספת צירי הועידה, מדברי
250	מזהבות	מִזְּהָבוֹת	content	1	מ	זהבות	noun	N	YES	-	מזהבות is adjectival/participle “gilded”; מ is derivational, not מן	כל ספרי בכריכות מזהבות.
251	מימי	מִימֵי	content	1	מ	ימי	noun	N	YES	מ	מ + ימי	מערכות הגורל, שפקדו את ארצנו ועם ישראל מימי ה'מאורעות', מלחמת העולם,
252	מעבדות	מֵעַבְדוּת	content	1	מ	עבדות	noun	N	YES	מ	מ + עבדות	גם לפני חמשים שנה, בימי מנוחה ושלוה, שעוררה עלילת דמשק רעש גדול כלכך בארצות המערב, עדיין י
253	מפרח	מִפֶּרַח	content	1	מ	פרח	noun	N	YES	מ	מ + פרח	הדבורים תמהרנה אליו בזמזוםנעם, מפרח לפרח תדדנה, צוף תינקנה.
254	מצפון	מִצָּפוֹן	content	1	מ	צפון	noun	N	YES	מ	מ + צפון	סוגרים עליה הרים גבוהים מרוב צדדיה: ממזרח – שלשלת הריגולן, מצפון
255	מקהל	מִקְּהַל	content	1	מ	קהל	noun	N	YES	מ	מ + קהל	רבי איזיק עוד נותר מקהל הראשונים
256	שדם	שֶׁדָּם	content	1	ש	דם	noun	N	YES	ש	ש complementizer/relative	ותרעד תפלתם על מעניות שדם
257	שחנו	שֶׁחָנוּ	content	1	ש	חנו	verb	N	YES	ש	ש complementizer/relative	היום שחנו על חיי-נשמות
258	שנתחדשו	שֶׁנִּתְחַדְּשׁוּ	content	1	ש	נתחדשו	verb	N	YES	ש	ש complementizer/relative	בין כל הצרות שנתחדשו עלינו בעת האחרונה תעשה ביחוד רושם מעציב בלב כל איש ישראל התחדשות 'עלי
259	שנתפרסמה	שֶׁנִּתְפַּרְסְמָה	content	1	ש	נתפרסמה	verb	N	YES	ש	ש complementizer/relative	מתוך רשימה שנתפרסמה ב'דף למדריך' מס' 1, עלון תנועת 'הצופים העובדים'.
260	שרץ	שֶׁרָץ	content	1	ש	רץ	verb	N	YES	ש	ש complementizer/relative	לאדם שרץ דרך ארוכה ביותר ויודע את מטרתו, − כמעט ונפל
261	באיזמל	בָּאִזְמֵל	content	0	(unclear)	אזמל	noun	N	YES	בה	ב+ה+איזמל; fused article before א indicated by בָ	אך בימינו אלה הרי מצד אחד אין הסכנה הגשמית גדולה עוד הרבה, ביחוד לקהלות רחוקות, ומצד אחר כ
262	בגינה	בַּגִּנָּה	content	0	(unclear)	גנה	noun	N	YES	בה	ב+ה+גינה; fused article indicated by בַּ + dagesh	עם בוקר, בטפלי בגינה שלפני ביתי, אני רואה את הנער
263	בוקר	בֹּקֶר	content	0	(unclear)	בקר	noun	N	YES	-	whole word בוקר; ב is root	עם בוקר, בטפלי בגינה שלפני ביתי, אני רואה את הנער
264	בחיבוק	בְּחִבּוּק	content	0	(unclear)	חבוק	noun	N	YES	ב	ב + חיבוק	אין לשבת בחיבוק ידיים; אין לתת לאוייב להתבצר בעמדותיו האנטי-ציוניות; אין לחכות להתקפותיו ה
265	בכורסה	בְּכֻרְסָה	content	0	(unclear)	כרסה	noun	N	YES	ב	ב + כורסה	עבודתי, בכורסה המיועדת לאורחים, יושב איש זר, לא ידעתיו מתמול
266	בליהרף	בְּלִהְרָף	content	0	(unclear)	בלהרף	noun	N	YES	-	lexicalized בלי־הרף; do not split ב/בלי	הלוחש בליהרף על דבר שנשכח.
267	בנוער	בַּנֹּעַר	content	0	(unclear)	נער	noun	N	YES	בה	ב+ה+נוער; fused article indicated by בַּ + dagesh	שויון זכויות לחינוך בנוער
268	בפועל	בְּפֹעַל	content	0	(unclear)	פעל	noun	N	YES	-	lexicalized בפועל “in practice”; suppress live ב segmentation	אלף, מספר המפרנסים בפועל – כ370 אלף.
269	בפישוט	בְּפִשּׁוּט	content	0	(unclear)	פשוט	noun	N	YES	ב	ב + פישוט	המלונה, על הקרקע, משטח של קש וגבבא, ועליו היתה מוטלת בפישוט ידיים
270	בקור	בְּקֹר	content	0	(unclear)	קר	noun	N	YES	ב	ב + קור	אך בימינו אלה הרי מצד אחד אין הסכנה הגשמית גדולה עוד הרבה, ביחוד לקהלות רחוקות, ומצד אחר כ
271	בקיבוץ	בַּקִּבּוּץ	content	0	(unclear)	קבוץ	noun	N	YES	בה	ב+ה+קיבוץ; fused article indicated by בַּ + dagesh	חג לפרט בקיבוץ, לחברה כולה, לילדיו, לחניכיו, לממשיכי דרכו בכל פינות הארץ – לתנועה כולה.
272	האומה	הָאֻמָּה	content	0	(unclear)	אמה	noun	N	YES	ה	visible article ה	בעודו באבו, בשנת החמשים ואחת לימי חייו, נעדר ממנו פתאום קברניט האומה
273	האומללים	הָאֻמְלָלִים	content	0	(unclear)	אמללים	adjective	N	YES	ה	visible article ה	בימי הבינים, שהיה כלל ישראל במקרים כאלה רגיל לחשוב עצמו כעומד במשפט ביחד עם אותם האומללים 
274	האיזמל	הָאִזְמֵל	content	0	(unclear)	אזמל	noun	N	YES	ה	visible article ה	אך בימינו אלה הרי מצד אחד אין הסכנה הגשמית גדולה עוד הרבה, ביחוד לקהלות רחוקות, ומצד אחר כ
275	הביער	הֲבִעֵר	content	0	(unclear)	בער	verb	N	YES	ה	interrogative ה; not article	הביער אם בגיא?
276	הויכוח	הַוִּכּוּחַ	content	0	(unclear)	וכוח	noun	N	YES	ה	visible article ה	בימי הועידה האחרונה, נזכרנו בתקופת הויכוח עם 'השומר הצעיר' על יסודות
277	הורגלנו	הֻרְגַּלְנוּ	content	0	(unclear)	הרגלנו	verb	N	YES	-	הורגלנו is Hophal/verb morphology; ה is not article/interrogative proclitic	אך בימינו אלה הרי מצד אחד אין הסכנה הגשמית גדולה עוד הרבה, ביחוד לקהלות רחוקות, ומצד אחר כ
278	החול	הַחֹל	content	0	(unclear)	חל	noun	N	YES	ה	visible article ה	פנימיות הזמן, וימי החול מקיפים הם לשבת: המקיים מצוות שבת כהלכתה חיי
279	החורים	הַחֹרִים	content	0	(unclear)	חרים	noun	N	YES	ה	visible article ה	בשדות ישוטו, אל החורים והסדקים יציצו לבקש אכל.
280	היזמה	הֵזֵמָּה	content	0	(unclear)	הזמה	verb	N	YES	ה	visible article ה on היזמה/initiative	עלינו לקבל את היזמה לידינו, עלינו לעבור להתקפה נמרצת ומקיפה.
281	הנוער	הַנֹּעַר	content	0	(unclear)	נער	noun	N	YES	ה	visible article ה	זועזעתי בראותי איך הכניסו בתוך תנועת הנוער העובד, בין
282	הקיבוץ	הַקִּבּוּץ	content	0	(unclear)	קבוץ	noun	N	YES	ה	visible article ה	למחצית היובל של הקיבוץ
283	הריגולן	הֲרִגּוּלָן	content	0	(unclear)	רגולן	noun	N	YES	-	הריגולן is fused הרי־גולן / toponymic compound; initial ה belongs to lexical word הרי, not article	סוגרים עליה הרים גבוהים מרוב צדדיה: ממזרח – שלשלת הריגולן, מצפון
284	השיביני	הַשִּׁיבֵנִי	content	0	(unclear)	השיבני	verb	N	YES	-	השיביני is imperative/verb form; ה is binyan/lexical morphology, not article	את השיביני, אמיאדמתי,
285	וגילו	וְגִלּוּ	content	0	(unclear)	גלו	verb	N	YES	ו	ו + גילו	ב. באשר לשיתוף פעולה, הרי אם מעשה ברח' דיזנגוף (שאותו הם מתכוננים לנקום) או מעשה עטלית (שע
286	והפורענות	וְהַפֻּרְעָנוּת	content	0	(unclear)	פרענות	noun	N	YES	וה	ו + visible article ה	המסוכן שבגלות אינו ריבוי הרדיפות והצרות, אלא מיעוט הסבל והפורענות.
287	והפירות	וְהַפֵּרוֹת	content	0	(unclear)	פרות	noun	N	YES	וה	ו + visible article ה	גבעולו נבוב ודק ואין ביכלתו לעמד זקוף ולשאת את העלים, הפרחים והפירות.
288	וחוסר	וְחֹסֶר	content	0	(unclear)	חסר	noun	N	YES	ו	ו + חוסר	תעשיה בקיבוץ וחוסר עובדים
289	ולכיבוש	וּלְכִבּוּשׁ	content	0	(unclear)	כבוש	noun	N	YES	ול	ו + ל + כיבוש	עבודה ולכיבוש עצמנו לעבודה, להקמת משק מגוון ומפותח, לטיפוח חברה
290	ושתותך	וְשֶׁתֻּתַּךְ	content	0	(unclear)	תתך	verb	N	YES	וש	ו + ש complementizer	ושתותך כל הזעמים,
291	כיפת	כִּפַּת	content	0	(unclear)	כפת	noun	N	YES	-	כיפת is whole construct noun; כ is root	כיפת עננים נגוהה כלשהו במרכזה.
292	כישלון	כִּשָּׁלוֹן	content	0	(unclear)	כשלון	noun	N	YES	-	כישלון is whole noun; כ is root	דבר אחד ברור לחלוטין: דרך כשרה, שסופה כישלון, פסולה היא; דרך "פסולה", שסופה נצחון – כשרה ל
293	כרותראש	כְּרֻתְרָאשׁ	content	0	(unclear)	רתראש	adjective	N	YES	-	כרות־ראש: כ is root of כרות, not comparative כ	בשיח יש זלזל כרותראש ודומע:
294	לאומית	לְאֻמִּית	content	0	(unclear)	לאמית	adjective	N	YES	-	לאומית is whole adjective; ל is root/lexical	דווקא שעה קשה זו, שאין לדעת כמה תימשך, ואם לא תהיה בעתיד עוד יותר קשה ­– דווקא שעה קשה זו 
295	לבינים	לְבֵנִים	content	0	(unclear)	לבנים	noun	N	YES	-	לבינים is whole noun “bricks”; ל is root	קטנים ותפוחים גדולים, אל גדר לבינים לא טוחה, היתה נשענת מלונה של קרשים
296	לביצה	לְבִצָּה	content	0	(unclear)	בצה	noun	N	YES	ל	ל + ביצה	בדרום העמק נכנסים הנחלים לביצה המשתרעת על שטח של אלפי דונמים ותופשת
297	לגידול	לְגִדּוּל	content	0	(unclear)	גדול	noun	N	YES	ל	ל + גידול	שיתופית, לגידול דור שני, להיאבקות רעיונית בתנועה, להיחלצות ולעמידה בכל
298	להיאבקות	לְהֵאָבְקוּת	content	0	(unclear)	האבקות	noun	N	YES	ל	ל + היאבקות; inner ה belongs to stem	שיתופית, לגידול דור שני, להיאבקות רעיונית בתנועה, להיחלצות ולעמידה בכל
299	להיחלצות	לְהֵחָלְצוּת	content	0	(unclear)	החלצות	noun	N	YES	ל	ל + היחלצות; inner ה belongs to stem	שיתופית, לגידול דור שני, להיאבקות רעיונית בתנועה, להיחלצות ולעמידה בכל
300	לוקטו	לֻקְּטוּ	content	0	(unclear)	לקטו	verb	N	YES	-	לוקטו is passive verb; ל is root/verb morphology	המכתבים לוקטו מתוך עשרות העתקי מכתבים שנשמרו בתיקיו –
301	לחינוך	לְחִנּוּךְ	content	0	(unclear)	חנוך	noun	N	YES	ל	ל + חינוך	שויון זכויות לחינוך בנוער
302	לחשוב	לַחֲשֹׁב	content	0	(unclear)	לחשב	verb	N	YES	ל	infinitival ל + חשב/חשוב	בימי הבינים, שהיה כלל ישראל במקרים כאלה רגיל לחשוב עצמו כעומד במשפט ביחד עם אותם האומללים 
303	לחשוש	לַחֲשֹׁשׁ	content	0	(unclear)	לחשש	verb	N	YES	ל	infinitival ל + חשש	להורים לא היה כל יסוד לחשוש לעתידה של בתם הקטנה.
304	לטיפוח	לְטִפּוּחַ	content	0	(unclear)	טפוח	noun	N	YES	ל	ל + טיפוח	עבודה ולכיבוש עצמנו לעבודה, להקמת משק מגוון ומפותח, לטיפוח חברה
305	לטעון	לִטְעֹן	content	0	(unclear)	לטען	verb	N	YES	ל	infinitival ל + טען	בחמה עת יבריכוהו לטעון משא על גבו.
306	לכיבוש	לַכִּבּוּשׁ	content	0	(unclear)	כבוש	noun	N	YES	לה	ל+ה+כיבוש; fused article indicated by לַ + dagesh	25 שנות עמל ויצירה – מחצית יובל למאמצי אנוש: לכיבוש
307	למסור	לִמְסֹר	content	0	(unclear)	למסר	verb	N	YES	ל	infinitival ל + מסר/מסור	דבר זה אינך צריך כמובן למסור ל– – –.
308	לנקום	לִנְקֹם	content	0	(unclear)	לנקם	verb	N	YES	ל	infinitival ל + נקם	ב. באשר לשיתוף פעולה, הרי אם מעשה ברח' דיזנגוף (שאותו הם מתכוננים לנקום) או מעשה עטלית (שע
309	לנשור	לִנְשֹׁר	content	0	(unclear)	לנשר	verb	N	YES	ל	infinitival ל + נשר	מדאי, ואז צפויים פרחיו לסכנה – לנשור לנשיבתרוח קלה.
310	לעבור	לַעֲבֹר	content	0	(unclear)	לעבר	verb	N	YES	ל	infinitival ל + עבר	עלינו לקבל את היזמה לידינו, עלינו לעבור להתקפה נמרצת ומקיפה.
311	לשאוף	לִשְׁאֹף	content	0	(unclear)	לשאף	verb	N	YES	ל	infinitival ל + שאף	יצא העלם לשאוף אויר צח, נאמר, לשער דמשק וצפונה.
312	לשולחן	לַשֻּׁלְחָן	content	0	(unclear)	שלחן	noun	N	YES	לה	ל+ה+שולחן; fused article indicated by לַ + dagesh	נשאתי פני מן הספר שקראתי וראיתי: ממולי, מעבר לשולחן
313	לשיתוף	לְשִׁתּוּף	content	0	(unclear)	שתוף	noun	N	YES	ל	ל + שיתוף	ב. באשר לשיתוף פעולה, הרי אם מעשה ברח' דיזנגוף (שאותו הם מתכוננים לנקום) או מעשה עטלית (שע
314	לשמוע	לִשְׁמֹעַ	content	0	(unclear)	לשמע	verb	N	YES	ל	infinitival ל + שמע	אך בימינו אלה הרי מצד אחד אין הסכנה הגשמית גדולה עוד הרבה, ביחוד לקהלות רחוקות, ומצד אחר כ
315	לשמור	לִשְׁמֹר	content	0	(unclear)	לשמר	verb	N	YES	ל	infinitival ל + שמר	ברצוננו לשמור על רמתהחיים של שנת 1947 בכוחנו אנו, בכוח היצירה שלנו,
316	מאורעות	מְאֹרָעוֹת	content	0	(unclear)	מארעות	noun	N	YES	-	מ is derivational/lexical morphology, not preposition מן	מערכות הגורל, שפקדו את ארצנו ועם ישראל מימי ה'מאורעות', מלחמת העולם,
317	מובהקים	מֻבְהָקִים	content	0	(unclear)	מבהקים	adjective	N	YES	-	מ is derivational/lexical morphology, not preposition מן	מובהקים ובכלל האומה כלה, שהנה עכשו דוגמת ספינה המטורפת בים שזקוקה
318	מוחלט	מֻחְלָט	content	0	(unclear)	מחלט	adjective	N	YES	-	מ is derivational/lexical morphology, not preposition מן	חטא גדול הוא להאמין ברע מוחלט, ביסוד רע מוחלט, יסוד קיים בעד עצמו.
319	מוטלת	מֻטֶּלֶת	content	0	(unclear)	מטלת	verb	N	YES	-	מ is derivational/lexical morphology, not preposition מן	המלונה, על הקרקע, משטח של קש וגבבא, ועליו היתה מוטלת בפישוט ידיים
320	מומחים	מֻמְחִים	content	0	(unclear)	ממחים	noun	N	YES	-	מ is derivational/lexical morphology, not preposition מן	לארצנו מומחים איש איש למקצועו, במקום פטפוטים נתחיל במעשים; עם
321	מושג	מֻשָּׂג	content	0	(unclear)	משג	noun	N	YES	-	מ is derivational/lexical morphology, not preposition מן	סופרי החסידים מבחינים בכל עצם או מושג בין פנימיותו
322	מידבקים	מִדַּבְּקִים	content	0	(unclear)	מדבקים	adjective	N	YES	-	מ is derivational/lexical morphology, not preposition מן	ולשליש, וזבובים מזמזמים מרפרפים על גביהם, מידבקים בהם רגע ומתנשאים שוב.
323	מיוחד	מְיֻחָד	content	0	(unclear)	מיחד	adjective	N	YES	-	מ is derivational/lexical morphology, not preposition מן	וכחיל מיוחד בתוך הצבא, הולך ומתארגן הנח"ל, שמלבד הכשרתו לכוננות קרבית
324	מיעוט	מִעוּט	content	0	(unclear)	מעוט	noun	N	YES	-	מ is derivational/lexical morphology, not preposition מן	מקור הרעה איננו בזה שאנו מיעוט בכל, אלא בזה שאנו משועבדים.
325	מסויים	מְסֻיָּם	content	0	(unclear)	מסים	adjective	N	YES	-	מ is derivational/lexical morphology, not preposition מן	שהשירה את שערותיה, בעיקר כאילו לשם סולידריות עם המתקרבים לגיל מסויים,
326	מעוקלים	מְעֻקָּלִים	content	0	(unclear)	מעקלים	adjective	N	YES	-	מ is derivational/lexical morphology, not preposition מן	בצלע הגן, תחת תפוחה מסובלת ענפים מעוקלים, נושאי עלים
327	משועבדים	מְשֻׁעְבָּדִים	content	0	(unclear)	משעבדים	verb	N	YES	-	מ is derivational/lexical morphology, not preposition מן	מקור הרעה איננו בזה שאנו מיעוט בכל, אלא בזה שאנו משועבדים.
328	מתולל	מְתֻלָּל	content	0	(unclear)	מתלל	verb	N	YES	-	מ is derivational/lexical morphology, not preposition מן	אך שערו רחוץ ומסורק כראוי, מתולל משהו מעל למצח, גם פניו
329	שבליהזהר	שֶׁבְּלִהְזַהֵר	content	0	(unclear)	שבלהזהר	verb	N	YES	ש	ש + בלי־הזהר; only outer ש is live, inner בלי is lexicalized	ברעדתם אקצר כל שבליהזהר,
330	שחור	שָׁחֹר	content	0	(unclear)	שחר	adjective	N	YES	-	שחור is whole adjective; ש is root	הכחולה המתנפחים ברוח רבב שמן גדול. מידיו האוחזות בהגה ניכר שחור
331	שירתי	שֵׁרַתִּי	content	0	(unclear)	שרתי	verb	N	YES	-	שירתי is whole word/verb or noun with suffix; ש is root	שקר היו כל דברי שירתי,
332	שיתופית	שִׁתּוּפִית	content	0	(unclear)	שתופית	adjective	N	YES	-	שיתופית is whole adjective; ש is root	שיתופית, לגידול דור שני, להיאבקות רעיונית בתנועה, להיחלצות ולעמידה בכל
